Age,Experience,Education_Years,Performance_Score,Working_Hours,Salary
50,5,18,99,34,257559
36,9,12,54,44,234508
29,4,18,69,51,241563
42,17,16,76,44,263967
40,9,14,68,31,232383
44,1,16,61,30,175171
32,20,14,43,52,286263
32,13,15,59,52,251216
45,16,16,71,55,280534
45,13,15,75,40,262613
24,14,13,89,39,243079
43,3,13,43,59,257529
23,6,12,66,47,237088
45,18,18,56,47,325999
51,19,16,51,46,299862
23,5,15,61,55,221477
42,15,14,56,37,271271
54,2,13,49,44,197168
33,10,18,93,37,238330
43,18,13,40,46,259033
46,13,14,61,41,260047
48,5,18,65,56,266586
49,1,18,95,37,205210
37,1,15,98,54,215530
36,18,15,57,43,284422
24,15,16,89,33,236928
28,17,16,53,30,259813
42,11,17,86,30,246297
30,17,17,68,48,299056
39,13,12,51,60,293689
25,1,13,75,45,225677
46,2,16,98,43,239418
35,9,15,74,50,275541
30,3,14,91,45,236632
47,1,15,100,34,205226
23,16,13,51,38,263527
41,6,17,46,55,257458
49,17,15,68,59,304132
28,5,12,50,57,234446
29,5,13,72,31,221374
35,6,17,45,47,254536
38,3,14,86,35,204594
25,5,17,54,60,232148
23,5,18,71,38,246531
27,10,12,90,30,208361
25,10,13,50,38,214041
50,19,14,97,54,291374
39,17,12,62,45,238506
47,14,17,65,42,276423
55,9,12,73,38,256543
31,14,13,85,50,260291
35,1,16,73,42,225568
52,19,12,68,60,307403
36,13,18,43,38,273151
29,13,12,56,40,234706
35,4,17,74,33,239923
44,1,17,52,31,190712
42,17,14,80,58,315508
37,8,17,78,35,208282
39,2,15,54,43,215271
45,8,13,94,33,233879
47,7,13,68,35,188192
46,2,16,68,48,244579
50,3,16,50,35,213187
36,18,13,91,31,235511
22,12,18,71,47,277185
46,1,16,41,42,232354
28,12,14,86,38,268209
30,5,17,53,52,229922
45,17,13,59,48,287068
22,16,16,61,42,266271
29,15,13,50,40,268522
45,15,15,66,30,221993
32,5,12,42,53,222535
38,14,17,56,59,319196
29,2,13,83,51,204018
54,11,12,95,36,240538
26,19,16,67,54,302174
49,7,12,68,50,234615
28,6,17,60,44,232805
30,2,13,86,30,187117
29,6,15,55,41,219974
33,18,18,76,55,295256
55,2,16,98,36,233608
54,18,13,59,44,256737
44,15,17,45,50,259216
45,19,16,58,48,271781
43,2,14,96,57,240182
48,20,12,44,58,273148
22,6,18,42,54,271245
35,1,17,98,30,212505
24,15,14,40,46,229558
22,10,13,97,46,256568
26,19,15,99,32,259477
47,17,16,77,41,277422
35,5,12,54,35,202461
48,4,16,73,55,281059
30,10,18,100,40,237542
36,17,13,74,32,241276
36,10,16,88,37,246784
47,17,12,64,43,255840
34,20,13,63,43,302653
53,5,16,51,39,221817
53,2,15,57,31,214996
25,6,17,54,43,256632
51,2,13,83,38,192852
44,13,17,55,32,253253
36,11,13,66,50,268876
50,11,15,47,55,295520
34,16,17,99,37,247971
53,11,14,85,45,232163
28,19,12,64,31,251424
43,15,14,56,35,260302
49,16,16,68,57,330244
23,11,15,92,50,237895
27,16,14,47,58,261634
49,8,13,54,55,226498
49,4,16,66,54,244920
41,8,16,85,41,268307
51,4,14,89,34,239439
32,3,14,91,31,195400
49,3,15,46,45,215645
46,18,12,42,34,224549
54,19,14,68,44,296195
22,19,18,83,41,285821
48,5,14,92,33,223487
34,18,17,63,44,285511
24,10,13,99,40,237061
27,6,18,97,45,243823
29,1,18,42,52,207094
48,5,17,59,35,208756
30,9,17,85,43,252280
54,12,16,54,47,266835
45,14,12,64,41,247120
36,2,13,69,56,217377
53,17,15,53,40,302345
53,14,18,46,42,302216
45,13,15,56,50,284704
33,9,14,83,52,277824
23,15,14,59,40,269552
24,15,15,75,52,279011
38,11,14,48,45,246184
23,16,12,77,44,225991
23,17,17,87,50,298760
49,4,14,96,57,251900
44,1,16,99,44,238940
53,8,14,61,54,278723
54,17,13,93,33,235931
22,3,12,92,40,173772
40,20,13,92,48,306080
23,15,13,41,44,236561
47,15,16,63,33,251617
53,14,12,47,50,251881
27,14,12,50,42,233771
53,2,12,52,51,244175
25,13,12,56,48,264131
32,14,12,47,31,212264
38,19,16,60,43,312003
45,7,14,57,58,268674
26,3,13,69,33,182525
55,15,12,57,45,280527
27,14,18,85,50,288602
43,11,14,86,49,257753
32,15,14,70,43,280799
37,13,13,77,56,267872
54,18,16,71,58,338930
30,6,15,50,44,201280
27,3,15,84,57,220399
37,19,14,64,32,279378
50,15,17,72,37,268631
24,5,17,99,45,269192
41,10,13,77,39,234986
40,7,15,80,33,239084
47,17,14,47,59,296911
24,7,16,50,47,244451
40,12,15,61,31,224714
41,17,14,90,46,280024
53,13,14,63,42,269991
28,20,12,80,33,227340
54,4,16,56,55,276223
39,10,12,51,54,245758
22,3,13,96,59,244224
32,9,12,85,40,202288
49,13,18,71,36,265682
46,18,12,54,60,321951
44,15,18,55,41,271334
52,4,15,93,39,235579
51,15,17,61,36,249880
28,2,14,67,42,190752
37,15,18,59,60,295731
47,8,16,72,36,229704
23,8,12,49,60,240103
22,17,18,79,53,317957
33,12,16,71,46,243742
26,19,17,89,39,305417
53,10,17,99,58,318955
30,9,12,72,39,197666
40,5,13,41,53,202231
37,6,12,72,33,213954
24,20,15,72,49,299898
41,2,18,80,33,225178
45,13,14,52,51,296790
54,6,13,69,36,244406
45,5,12,72,51,229038
32,1,16,52,30,181665
29,6,13,91,41,219556
41,6,18,65,53,276132
46,16,13,61,42,270161
46,4,18,78,39,266981
50,11,12,41,44,216259
39,9,18,77,56,259839
39,3,13,78,42,227741
23,19,16,65,52,308133
37,8,17,85,51,266070
54,5,13,97,51,231179
25,4,18,89,50,259479
54,6,17,54,51,273251
35,2,18,73,57,248888
42,20,16,81,38,276330
41,11,18,94,55,319691
29,4,12,83,38,226503
28,15,14,88,44,269744
24,6,13,79,39,232061
38,17,14,50,53,283582
54,6,18,100,55,280538
33,19,16,42,54,279124
43,2,13,98,58,264279
43,15,18,45,39,272325
51,11,17,48,37,227479
29,8,15,45,53,241589
48,19,18,48,45,313000
48,13,14,78,46,296760
55,12,13,70,55,258004
42,5,14,71,56,275821
51,6,13,80,34,205369
54,4,18,89,33,211010
49,19,12,51,47,303113
54,20,17,47,53,333357
26,1,18,47,48,227464
40,20,14,89,33,261231
25,17,15,67,57,288427
38,12,15,59,36,215478
49,15,16,86,39,267491
51,1,13,98,54,223253
50,14,14,46,47,294165
27,6,16,50,48,237448
45,5,14,59,33,217276
50,11,13,55,39,244771
52,4,18,43,30,231354
54,13,18,45,52,265083
42,11,15,97,47,248203
53,3,18,61,34,222921
44,1,18,65,44,257566
54,6,12,42,46,208305
24,18,15,80,32,271438
39,10,16,99,41,287664
46,5,17,81,31,251379
52,10,12,53,30,204853
24,12,16,50,52,260406
45,2,13,57,50,232600
53,13,12,93,46,256368
43,8,16,51,51,230183
44,2,13,62,45,218314
23,20,15,51,34,282093
48,1,17,52,44,248219
23,5,13,64,32,207445
47,9,18,84,57,302196
38,17,14,90,36,245689
54,9,13,97,40,241513
30,11,13,58,39,208875
50,15,17,94,38,254061
47,6,14,85,43,219691
46,3,18,75,42,254904
45,17,16,84,58,296535
34,5,16,47,54,241235
28,12,13,68,59,272053
41,18,14,94,54,291444
22,14,14,92,31,261583
29,11,18,94,32,231558
37,9,17,71,36,241441
35,2,15,90,50,261411
33,12,16,83,47,293493
44,3,17,57,32,227458
36,3,12,45,39,207890
49,1,16,57,51,213136
55,8,17,58,58,288943
23,8,16,61,36,242008
53,11,15,76,38,265650
44,9,12,71,46,263949
43,5,15,95,40,236964
46,14,18,80,36,270844
43,3,12,98,53,243233
43,5,13,42,57,222697
27,5,17,67,43,215215
36,19,12,49,48,273169
54,14,18,90,33,268311
29,4,18,74,55,282233
26,13,15,100,35,235030
25,10,16,68,39,237434
27,18,12,93,36,237771
53,8,17,54,42,263019
51,8,12,72,43,230427
37,7,14,46,33,232641
34,8,16,51,37,253905
51,14,17,88,34,259814
40,19,17,69,30,299412
38,6,13,60,33,213941
40,1,15,70,32,185987
49,15,13,97,38,260444
47,1,17,100,37,243008
47,17,16,63,30,249321
44,1,12,59,56,202557
30,15,12,76,35,251068
33,2,16,43,38,224510
22,14,17,67,36,277631
22,8,18,83,33,227158
55,8,12,59,42,246489
53,19,18,99,46,334638
46,7,12,63,57,243562
22,19,12,89,31,251350
37,6,15,88,57,277986
26,6,15,90,34,205767
43,3,14,71,41,213339
50,7,13,80,56,285604
24,19,16,75,50,308785
33,8,16,97,37,212954
47,10,16,92,35,246144
37,20,14,73,37,243724
43,15,15,75,47,249976
50,15,17,41,32,233606
35,1,18,54,51,213394
49,20,18,73,41,293237
26,7,17,75,58,256350
51,4,14,45,55,225406
26,6,17,78,32,239612
33,1,16,81,51,231325
37,5,13,90,35,184426
47,1,12,90,31,194319
47,4,18,97,52,246696
42,2,15,93,41,247147
54,10,15,100,31,248868
51,5,14,51,35,208606
44,10,15,42,46,240063
31,1,16,84,32,208621
26,6,18,57,31,241405
55,13,17,79,52,303295
52,15,16,60,59,297856
31,4,14,54,49,246047
40,13,16,72,37,251060
53,20,17,74,51,340166
22,15,13,65,41,231132
26,8,14,47,55,251887
25,5,13,75,33,212631
37,15,12,87,34,232527
45,4,13,69,42,227615
37,12,12,62,58,264045
23,13,12,81,60,297985
49,2,13,83,44,231122
53,19,14,53,54,273120
48,19,17,53,52,282581
41,4,16,41,45,228996
45,4,16,94,39,238635
33,11,17,76,59,298713
54,5,18,44,59,255966
54,20,18,77,54,316342
33,11,12,84,52,249798
24,10,12,80,45,213329
22,8,14,93,41,231356
54,6,15,99,46,225659
31,6,13,100,45,238400
50,8,12,86,41,253299
34,15,16,53,37,243863
33,14,14,95,49,291901
52,11,13,78,32,244241
23,12,14,64,45,233733
44,13,13,59,59,305557
38,8,13,41,42,199705
47,18,17,78,52,318351
29,1,12,45,57,206432
50,15,14,56,48,293389
47,8,14,98,37,220444
31,11,17,64,51,260373
47,12,16,96,34,266872
55,12,16,67,49,272728
28,4,18,41,37,199279
25,16,12,74,53,290886
32,4,12,76,41,210351
50,5,15,44,30,206746
46,5,17,40,54,246486
42,8,16,79,59,253010
31,10,13,51,50,265141
30,17,14,95,49,266787
45,9,12,75,35,212762
39,19,14,84,51,317776
53,14,14,62,47,257781
45,8,15,86,37,241847
44,9,16,70,36,218396
53,11,12,50,30,222519
33,1,14,49,50,222203
34,14,12,42,45,229913
44,5,13,93,41,241339
46,14,15,53,35,218913
51,4,13,55,49,245578
38,1,12,49,31,162205
41,19,18,68,58,298128
46,8,12,49,43,200009
43,15,16,51,33,259556
34,15,14,69,30,219809
40,9,14,80,52,230623
33,9,13,40,47,253218
40,10,15,44,42,268596
33,20,18,59,31,259537
30,9,17,47,38,230161
28,3,14,82,50,234259
49,20,16,51,31,274448
35,11,13,40,56,262104
52,6,13,96,54,241379
40,2,17,93,38,253964
37,7,16,59,30,210966
26,18,15,67,40,280690
33,2,16,96,32,178463
46,17,15,82,49,299860
42,11,16,76,59,288197
44,12,16,86,52,257986
37,19,12,76,55,277387
35,7,13,51,33,219068
52,20,16,76,47,331983
26,6,17,88,52,250225
44,1,16,88,35,210150
50,17,14,95,32,240743
32,11,13,83,51,254223
39,18,14,95,40,283727
33,17,13,67,44,244805
30,7,14,86,51,259143
31,17,16,54,57,267461
38,20,16,45,34,254729
28,9,12,83,49,257845
34,17,17,98,39,268826
30,20,14,100,41,282531
48,8,15,59,44,256822
23,17,12,89,46,278848
26,7,14,53,39,185490
50,1,14,41,35,165297
40,13,12,48,47,271506
29,19,16,76,42,266593
22,19,14,59,32,267115
43,17,16,65,59,322292
38,13,12,68,53,232341
28,16,16,40,39,247017
46,8,13,94,59,277261
25,19,15,74,43,261528
27,18,18,45,35,280934
52,1,14,76,32,215419
40,14,17,92,45,303431
48,19,15,98,36,264458
31,15,18,44,49,309675
47,18,16,72,43,275544
40,2,14,88,38,207211
24,17,16,90,44,256669
34,18,13,53,50,273754
49,6,12,51,32,172656
41,19,14,81,31,290150
49,4,18,59,56,244720
29,1,18,92,31,210837
22,8,13,89,32,210898
24,7,13,63,47,195151
34,3,14,98,43,241088
49,10,16,82,49,261494
46,10,17,73,47,264551
54,19,18,64,39,294786
27,14,18,89,54,277918
53,2,13,68,31,206726
42,1,15,96,54,227184
37,18,13,78,58,302087
42,7,17,70,51,253421
32,8,16,95,30,205528
40,1,16,86,33,186648
41,3,15,82,60,284892
39,8,18,89,43,275853
35,15,13,62,30,234151
36,5,16,83,43,255111
52,3,17,77,45,242547
22,19,14,59,51,269894
24,1,12,62,43,214742
37,15,12,84,58,287601
44,8,12,91,49,244754
32,2,18,55,32,191609
33,3,13,89,32,214123
31,14,15,81,38,281618
53,14,16,99,35,289198
37,11,14,94,54,257372
29,16,17,47,42,283857
33,4,14,89,50,207671
45,20,17,60,31,288096
49,5,18,40,37,252876
29,14,13,94,50,296543
49,16,12,47,31,233668
47,18,13,68,33,233629
29,7,18,71,54,270865
49,10,15,77,44,273650
