Experience,Salary
7,61846
20,141731
15,112241
11,81953
8,65539
7,64056
19,130542
11,86293
11,82191
4,45313
8,69938
3,35681
2,36409
12,88540
6,57172
2,32541
1,30580
12,88365
12,95691
17,126872
10,83702
16,118494
15,109312
15,106324
19,138347
12,90141
20,142419
3,36486
5,46810
19,135588
7,59923
9,74301
7,61186
18,131905
4,44977
14,103268
18,127748
9,73849
2,36435
20,138709
15,114273
7,63619
12,95647
8,72086
15,114576
3,36072
14,105530
17,117504
4,40214
18,124531
8,70576
4,39823
2,27928
6,56029
10,75133
4,41105
18,126627
12,93316
2,28852
10,79910
4,43175
14,104348
16,120442
15,111190
8,64256
14,102376
8,68645
16,114486
13,96584
18,132588
15,113053
13,96330
9,71703
15,113662
13,101120
1,28114
7,58353
9,74063
1,29549
12,94575
8,63667
11,85468
19,138337
17,123819
8,66719
3,35745
3,40483
1,21539
5,49964
10,79835
7,60775
9,75042
7,64102
9,76312
8,68320
12,93132
2,34891
1,23779
16,111924
5,46581
3,40714
12,90324
8,68713
3,40026
1,21255
3,37804
5,46838
15,105009
14,101871
3,41989
1,28409
5,52418
14,104124
7,58015
9,71193
15,113415
15,112449
10,79158
13,96925
19,135970
7,63938
17,121784
20,139000
4,40633
5,52266
7,65702
13,93384
15,105404
11,89175
4,41000
13,102860
7,62989
19,130460
2,34190
10,82140
13,96636
6,55809
12,91178
12,94245
20,141600
11,86997
7,59048
1,25780
1,21716
20,142939
13,98565
9,73544
3,37976
7,60419
6,58239
8,72766
9,69249
5,53865
1,21770
19,133363
10,76077
12,95427
15,113580
9,76901
20,139858
17,123544
17,121719
20,137814
12,90374
7,58252
2,33996
3,37673
17,121530
5,51881
17,123949
17,126521
17,123241
2,35017
2,33941
5,54550
1,28002
1,22331
19,133261
2,34648
12,96550
6,56115
4,43637
11,85854
17,120177
6,58730
5,47180
20,139892
2,34043
6,51137
11,87327
16,114472
16,116449
1,23832
9,72579
6,56971
16,115164
3,40941
20,140569
4,43300
19,135269
3,36818
19,130906
20,141254
7,57760
20,142830
9,76350
1,27238
8,69090
7,63031
18,130687
8,72091
1,30911
11,89472
18,124887
10,78266
3,33666
7,61188
16,111671
16,117777
20,142570
17,124956
2,32124
1,26585
16,115777
12,90900
5,51677
5,51981
9,75376
9,69523
3,35393
19,131593
16,120945
16,118240
3,39937
20,141190
1,26240
20,141493
11,83878
17,121143
8,66644
4,43432
6,52276
8,68811
20,135302
3,33638
16,111055
3,41717
18,131150
14,101125
18,123364
2,33809
3,37621
16,116126
9,74122
4,40646
1,21918
4,41797
1,27506
14,104870
16,112531
20,143172
8,66345
7,64673
3,39949
17,123882
1,22906
16,114086
12,95152
19,134750
14,107905
6,52062
6,52976
13,94296
19,135229
8,70641
2,27125
1,25632
15,111288
1,24596
5,51168
16,120795
19,136561
4,47258
3,33232
17,126361
17,123371
12,91206
14,108685
6,58943
3,39891
9,75738
5,47472
17,119739
14,104401
3,34761
1,21876
20,138812
1,30504
3,34460
18,124733
10,76605
3,38622
8,69767
14,105986
18,126517
15,108735
2,36352
10,83434
2,29590
17,118063
8,67324
1,30111
9,74342
11,81005
16,118489
7,65659
10,83195
3,38966
18,131837
13,93117
7,59551
4,44560
13,97289
20,135846
1,27316
8,69469
14,108333
16,119915
14,99224
12,91208
19,135283
15,107048
2,33233
2,36765
19,130828
17,118917
20,139234
10,81988
6,53026
15,108744
11,90093
5,45009
1,21260
8,69038
12,96865
12,89219
5,52041
7,59060
4,44287
6,52619
13,101512
20,136342
15,107832
3,35824
8,64994
20,138490
16,120310
13,100984
18,124604
10,75235
19,130908
17,125567
19,132530
5,50256
9,71635
12,95162
1,30762
1,23560
15,110415
2,30391
16,116951
8,68468
13,101007
1,30064
16,120444
7,63413
5,51941
3,42506
12,91820
16,113898
19,136546
5,45077
14,106577
5,49227
15,105600
17,118065
14,101136
20,144510
5,51943
12,94804
16,117565
16,116984
7,62142
4,43670
1,23190
5,54184
10,77712
5,47192
4,40248
2,31033
20,136997
10,78687
19,133018
1,22970
5,53389
13,98765
4,40202
16,119135
16,116567
2,34667
17,122742
20,140788
12,92408
18,131669
3,42446
1,21922
1,21419
19,131204
11,82120
5,45950
12,89336
3,38373
1,23243
1,23645
8,67612
10,76865
11,87028
12,94326
13,99371
12,93359
14,106863
2,30228
19,132719
18,125371
3,35891
17,120756
8,67225
10,75094
2,29674
19,135898
9,69793
7,59116
4,44779
18,129166
13,93814
11,81345
4,47554
4,41443
10,82783
5,45984
9,76790
3,42831
17,117827
3,36531
16,118147
4,43451
18,126876
17,122959
7,57126
5,48177
12,95795
17,123024
13,98109
3,37146
9,76196
17,120368
17,120797
20,136792
16,116732
13,96476
19,132417
17,118645
4,48397
12,90030
9,71872
19,132072
12,88854
9,73021
7,61662
14,105514
20,140031
19,131708
15,112112
16,120524
5,53393
3,36507
12,93456
20,139212
4,46970
16,119766
7,57536
13,94625
10,82973
7,65577
14,107070
5,53666
3,41609
11,87490
11,84600
18,129783
